parameter,CF_X,CF_Y
a,4.31066986762452,5.65342596255281
c,0.00116956797463526,0.000594753838394531
d,0.00906468375005776,0.0103392674494865
r,2.4075800039916,2.48210283761772
